{"text": " Lo lajo es Michelle Turner.", "segments": [{"id": 0, "seek": 0, "start": 0.0, "end": 2.0, "text": " Lo lajo es Michelle Turner.", "tokens": [50364, 6130, 635, 5134, 785, 14933, 28950, 13, 50464], "temperature": 0.0, "avg_logprob": -0.8913720130920411, "compression_ratio": 0.7714285714285715, "no_speech_prob": 0.30090880393981934}], "language": "Spanish"}