{
  "timestamp": "2026-04-14T06:17:03.367248-04:00",
  "total_sales": 15848.359999999999,
  "total_checks": 424,
  "new_audits": 0,
  "deployed": true
}