{
  "timestamp": "2026-05-01T17:40:58.729019-04:00",
  "total_sales": 151304.74999999997,
  "total_checks": 3351,
  "new_audits": 0,
  "deployed": true
}