{
  "timestamp": "2026-05-01T15:39:37.347990-04:00",
  "total_sales": 104846.14000000001,
  "total_checks": 2451,
  "new_audits": 0,
  "deployed": true
}