{
  "timestamp": "2026-04-27T21:09:50.399058-04:00",
  "total_sales": 181262.08000000002,
  "total_checks": 3888,
  "new_audits": 0,
  "deployed": true
}