{
  "timestamp": "2026-04-27T12:30:39.825277-04:00",
  "total_sales": 31566.879999999997,
  "total_checks": 834,
  "new_audits": 0,
  "deployed": true
}