{
  "timestamp": "2026-05-01T20:13:48.722812-04:00",
  "total_sales": 254519.03999999998,
  "total_checks": 4889,
  "new_audits": 0,
  "deployed": true
}