{
  "timestamp": "2026-05-01T06:08:04.833781-04:00",
  "total_sales": 22680.340000000004,
  "total_checks": 626,
  "new_audits": 0,
  "deployed": false
}