{
  "timestamp": "2026-05-01T09:37:38.257061-04:00",
  "total_sales": 22780.340000000004,
  "total_checks": 627,
  "new_audits": 0,
  "deployed": true
}