{
  "timestamp": "2026-04-27T19:09:47.393184-04:00",
  "total_sales": 128894.90000000001,
  "total_checks": 2926,
  "new_audits": 0,
  "deployed": true
}