{
  "timestamp": "2026-04-27T17:09:47.437719-04:00",
  "total_sales": 83572.95999999999,
  "total_checks": 2024,
  "new_audits": 0,
  "deployed": true
}