{
  "timestamp": "2026-05-01T18:10:56.973176-04:00",
  "total_sales": 170844.91999999998,
  "total_checks": 3685,
  "new_audits": 0,
  "deployed": true
}