{
  "timestamp": "2026-04-27T16:09:47.426940-04:00",
  "total_sales": 76367.26000000001,
  "total_checks": 1885,
  "new_audits": 0,
  "deployed": true
}