{
  "timestamp": "2026-05-01T16:40:57.829974-04:00",
  "total_sales": 123469.28999999998,
  "total_checks": 2816,
  "new_audits": 0,
  "deployed": true
}