{
  "timestamp": "2026-04-26T14:16:38.567407-04:00",
  "total_sales": 105765.44000000002,
  "total_checks": 2011,
  "new_audits": 0,
  "deployed": true
}