{
  "timestamp": "2026-05-01T10:37:37.833621-04:00",
  "total_sales": 23119.199999999997,
  "total_checks": 631,
  "new_audits": 0,
  "deployed": true
}