{
  "timestamp": "2026-05-01T19:12:13.159654-04:00",
  "total_sales": 219111.79000000004,
  "total_checks": 4454,
  "new_audits": 0,
  "deployed": true
}